loyalty_card,unique_customers,avg_flights_per_period,avg_points_per_period,avg_distance_per_period,total_flights,total_points_earned
Aurora,3429,1.3184742185144236,2069.6256282038394,1991.5266860991055,104940,164725643.0
Nova,5671,1.3110671097152047,2045.3013564568255,1968.8187370082085,172817,269599353.0
Star,7637,1.3005307921354956,2011.7131752402074,1940.9896599665651,231051,357398951.0
